id,name,city,email,age,salary,registration_date
1,Elba,Shankou,Elba@example.com,72,143231.0,1953-09-26
2,,Pariaman,Justine@example.com,63,62135.0,1963-04-18
3,,Tàrrega,Vida@example.com,82,124251.0,1944-03-28
4,Della,Baloda Bāzār,Della@example.ru,79,208383.0,1947-01-15
5,Cindy,Villenave-d'Ornon,Cindy@example.com,21,122046.0,2004-12-08
6,Shizuko,Bhairab Bāzār,Shizuko@example.ru,73,119081.0,1953-01-20
7,Hugh,Almeirim,Hugh@example.com,47,37981.0,1978-06-05
8,Trent,Yaguajay,Trent@example.ru,48,186661.0,1977-12-09
9,Gregory,Zahedan,Gregory@example.com,67,145101.0,1958-07-29
10,Tara,Shuanglong,Tara@example.ru,,187303.0,1994-05-31
11,Altha,Harlesden,Altha@example.ru,44,231218.0,1981-12-02
12,Theo,Šibenik,Theo@example.ru,20,70451.0,2005-11-19
13,Minerva,Basse-Terre,Minerva@example.ru,54,127852.0,1971-12-27
14,Erick,Sömmerda,Erick@example.com,77,116028.0,1949-03-16
15,Chantel,Jagdīshpur,Chantel@example.com,33,97788.0,1992-11-30
16,Cedric,Strausberg,Cedric@example.ru,44,62671.0,1981-09-21
17,Florida,Burhānuddin,Florida@example.com,74,156846.0,1951-10-21
18,Ana,Phuntsholing,Ana@example.ru,31,135022.0,1994-06-25
19,Herman,Baumschulenweg,Herman@example.com,34,86292.0,1991-11-09
20,,Deolāli,Dominique@example.com,27,152556.0,1998-12-14
21,Scot,Saint Kilda,Scot@example.com,83,229231.0,
22,Angelita,Shrīrangapattana,Angelita@example.ru,18,198040.0,2007-10-18
23,Joann,Alīpur Duār,Joann@example.ru,49,169627.0,1976-10-07
24,Lizzie,Tapiramutá,Lizzie@example.ru,67,36782.0,1958-08-02
25,Rosette,Châtelet,Rosette@example.com,48,90732.0,1977-06-21
26,Denver,Holalkere,Denver@example.com,39,103631.0,1986-12-14
27,Flossie,Morales,Flossie@example.com,72,55700.0,1953-07-15
28,Linwood,Punta Cana,Linwood@example.com,65,216257.0,1961-03-07
29,Luise,Bobbili,Luise@example.ru,47,73747.0,1978-11-17
30,,Ilha Solteira,Barbara@example.com,69,,
31,Constance,Silistra,,51,185869.0,1974-07-08
32,Jon,Dorset Park,Jon@example.com,28,44016.0,1997-08-09
33,Eloise,Khairābād,Eloise@example.com,67,140950.0,1958-11-27
34,Hollie,Karīmnagar,Hollie@example.ru,72,45170.0,1953-08-04
35,Shonda,Maināguri,Shonda@example.ru,37,87568.0,1988-08-10
36,Rosann,Renfrew,Rosann@example.ru,42,77783.0,1983-06-01
37,Kathy,Huanuni,Kathy@example.ru,25,39830.0,2000-12-16
38,Stacia,Junlian,Stacia@example.ru,23,38222.0,2003-05-06
39,Maribel,Neukölln,Maribel@example.ru,46,136514.0,1980-04-25
40,Alfreda,Aïn Fakroun,Alfreda@example.ru,35,223554.0,1990-08-07
41,Arlene,Ostrava,Arlene@example.com,19,68696.0,2006-11-22
42,Bryan,São Lourenço da Mata,Bryan@example.com,62,112011.0,1963-09-05
43,Mikel,Fomento,Mikel@example.com,77,45465.0,1949-05-15
44,Arla,Shaoguan,Arla@example.com,42,180416.0,1984-03-17
45,Gaston,Paulista,Gaston@example.com,49,245159.0,1976-09-20
46,Brady,Chonglong,Brady@example.ru,78,156635.0,1948-04-02
47,Melanie,Bayan Nur,Melanie@example.ru,28,51728.0,1998-02-01
48,Delma,Tallaght,Delma@example.ru,82,109911.0,1943-08-25
49,Judith,Wangqing,Judith@example.com,57,152749.0,1969-01-15
50,Molly,Itānagar,Molly@example.com,54,186299.0,1971-11-20
51,Alana,Vukovar,Alana@example.ru,73,187485.0,1953-05-13
52,Emil,Songadh,Emil@example.ru,66,163707.0,1960-01-14
53,Jefferson,Catamayo,Jefferson@example.com,44,150976.0,1982-02-14
54,Fred,Sītāpur,Fred@example.com,71,195468.0,1954-12-09
55,Juliette,Chenôve,Juliette@example.ru,46,153103.0,1980-02-14
56,Guillermo,Ārt Khwājah,Guillermo@example.com,,,1981-02-06
57,Norris,Oranjestad,Norris@example.ru,81,100690.0,1945-01-10
58,Viviana,Lingdong,Viviana@example.ru,50,132026.0,1976-05-05
59,Chasity,North Bay,Chasity@example.com,39,43642.0,1986-11-11
60,Ethan,,Ethan@example.com,82,186545.0,1943-11-14
61,Kourtney,Rochester,Kourtney@example.ru,33,87057.0,1992-10-03
62,Lloyd,Xiantao,Lloyd@example.com,65,153567.0,1960-11-19
63,Dorris,L'Ancienne-Lorette,Dorris@example.ru,50,163340.0,1975-12-20
64,Therese,Anastácio,Therese@example.com,,158402.0,1972-05-29
65,Raleigh,Caçapava do Sul,Raleigh@example.ru,77,67093.0,1949-04-15
66,Delbert,Addis Ababa,Delbert@example.com,55,164745.0,1970-10-04
67,Frederic,Chinchiná,Frederic@example.com,38,61196.0,1987-12-07
68,,‘Aïn el Hadjel,Don@example.com,67,62458.0,1958-09-10
69,Jeannie,La Unión,Jeannie@example.com,43,229831.0,1983-01-06
70,Charmaine,Samuyuzi,Charmaine@example.com,28,211567.0,1998-01-30
71,Nadine,Dīdwāna,Nadine@example.ru,33,116470.0,1992-05-31
72,Debbra,Kirandul,Debbra@example.ru,46,52764.0,1980-05-12
73,Emilio,Villers-lès-Nancy,,49,203703.0,1976-10-27
74,Garry,São João de Meriti,Garry@example.ru,23,86329.0,2002-09-01
75,Dianna,Las Tunas,Dianna@example.ru,54,69989.0,
76,Myrna,Padampur,Myrna@example.ru,77,168289.0,1948-08-06
77,Priscilla,Naliang,Priscilla@example.com,22,83204.0,2003-06-03
78,Verla,Reinbek,Verla@example.ru,79,106965.0,1946-09-08
79,Justine,Longjiang,Justine@example.ru,70,89229.0,1956-02-07
80,Monika,Stirling,Monika@example.ru,23,243245.0,2002-10-21
81,Belle,Adelaide Hills,Belle@example.com,66,98912.0,1960-03-08
82,Derick,Río Gallegos,Derick@example.ru,58,91135.0,1968-03-19
83,Gale,Aplerbeck,Gale@example.ru,84,168774.0,1942-03-19
84,Matilda,Kamalganj,Matilda@example.com,24,31990.0,2001-11-23
85,Elinor,Santana,Elinor@example.ru,82,223289.0,1944-04-23
86,Waldo,Sālūmbar,Waldo@example.com,82,245983.0,1944-04-09
87,Ernestine,Villa Ocampo,Ernestine@example.ru,70,210364.0,1956-05-16
88,Michelle,Brignoles,Michelle@example.ru,28,96218.0,1998-05-14
89,,San Justo,Lai@example.ru,38,211179.0,1988-05-14
90,Stella,Boundiali,Stella@example.com,45,,1980-09-22
91,Mistie,Gioia Tauro,Mistie@example.ru,44,168371.0,1981-10-15
92,Drew,Frankston East,Drew@example.com,70,188914.0,
93,Pam,Anicuns,Pam@example.com,77,136528.0,1949-05-20
94,Otis,Vallcarca,Otis@example.com,51,175753.0,1975-03-20
95,Dwight,Noāmundi,Dwight@example.com,81,,
96,Tammy,Borehamwood,Tammy@example.com,84,45254.0,1942-01-20
97,Sophie,Zürich (Kreis 4) / Aussersihl,Sophie@example.ru,28,,1997-06-12
98,Toni,Santa Maria da Vitória,Toni@example.ru,42,216419.0,1983-12-01
99,Gertrude,Fallingbrook,Gertrude@example.com,66,137926.0,1960-01-03
100,Emerson,Smolyan,Emerson@example.com,26,228805.0,1999-06-03
101,Bea,Memmingen,,31,210344.0,1995-01-02
102,Matthew,,Matthew@example.com,84,77286.0,1942-05-01
103,German,Aguada de Pasajeros,German@example.com,63,76803.0,1962-12-16
104,Brendan,Rathenow,Brendan@example.com,35,93456.0,1991-03-19
105,Klara,Dhuliān,Klara@example.com,45,30969.0,1980-09-08
106,Emilie,Qalansuwa,Emilie@example.ru,70,242984.0,1955-11-25
107,Eleanor,Parbhani,Eleanor@example.ru,83,126677.0,1942-06-13
108,Perry,Santa Gertrudes,Perry@example.ru,70,162504.0,1955-06-27
109,Sondra,Turrialba,Sondra@example.ru,50,189300.0,1976-03-09
110,Lanny,Ribeirão Pires,Lanny@example.ru,69,94299.0,1956-12-16
111,Robena,Betulia,Robena@example.com,55,59624.0,1970-06-23
112,Shaunta,Benavente,Shaunta@example.ru,63,218974.0,1962-08-24
113,Rashida,Pirajuí,Rashida@example.ru,74,209360.0,1951-10-15
114,Jasper,Coronel,Jasper@example.com,,37477.0,1985-10-23
115,Jazmin,Sidi Amrane,Jazmin@example.ru,21,85613.0,2005-04-01
116,Esmeralda,Taizhou,Esmeralda@example.ru,74,156367.0,1951-09-29
117,Grover,Zürich (Kreis 9) / Albisrieden,Grover@example.com,23,244627.0,2002-11-09
118,Jimmie,Vera Cruz,Jimmie@example.ru,69,244539.0,1957-02-24
119,Dorothea,Palaiseau,Dorothea@example.com,60,,1966-03-05
120,Leland,Mougins,Leland@example.com,74,150079.0,1951-08-18
121,Bethany,Borūjerd,Bethany@example.ru,32,166809.0,1994-05-14
122,Glenda,Songcheng,Glenda@example.ru,41,178601.0,1985-04-28
123,Xenia,Quixeramobim,Xenia@example.com,81,130123.0,1945-03-24
124,Valentin,Danshui,Valentin@example.ru,63,,1962-07-11
125,Brendon,South Elmsall,Brendon@example.ru,,166614.0,1949-02-15
126,Racheal,Madrid Centro,Racheal@example.com,23,50072.0,2003-04-30
127,Mirian,Gannavaram,Mirian@example.ru,48,42790.0,1978-04-14
128,Danielle,Saint-Dié-des-Vosges,Danielle@example.com,75,189120.0,1951-06-02
129,,Wednesfield,Guadalupe@example.ru,71,88061.0,1954-12-31
130,Jessica,,Jessica@example.com,20,61376.0,2005-09-23
131,Trey,Westerstede,Trey@example.com,47,199910.0,1978-10-11
132,Brandy,Dunakeszi,Brandy@example.ru,22,155771.0,2004-04-23
133,Vickie,Guarujá,Vickie@example.ru,68,247042.0,1958-02-17
134,Ashton,Quetzaltenango,Ashton@example.ru,66,,1959-08-03
135,Concetta,Ramat HaSharon,Concetta@example.com,55,61323.0,1971-03-29
136,Irvin,Villejuif,Irvin@example.ru,85,205518.0,1941-03-15
137,Ethel,Iracemápolis,Ethel@example.ru,77,47745.0,1949-04-23
138,Tammy,Rionegro,Tammy@example.com,66,,1959-08-03
139,Ken,,Ken@example.ru,65,125727.0,1961-01-06
140,Jarrett,Akivīdu,Jarrett@example.ru,40,137316.0,1986-01-26
141,Leonor,Songling,Leonor@example.com,40,168204.0,1986-05-05
142,Cyril,Jangipur,Cyril@example.com,40,138547.0,1985-11-02
143,Evelyn,Tiruppur,,58,130440.0,1967-11-26
144,Carina,Frauenfeld,Carina@example.ru,50,214318.0,1975-06-22
145,Julius,Qingshizui,Julius@example.com,71,78584.0,1954-07-31
146,Scott,Schwelm,Scott@example.ru,37,206089.0,1988-09-16
147,Silvana,Sesto San Giovanni,Silvana@example.ru,28,249765.0,1997-06-05
148,Haydee,,Haydee@example.com,81,136710.0,1945-02-02
149,Frank,Koulamoutou,Frank@example.ru,50,91098.0,1975-12-06
150,Charlie,Amersham on the Hill,Charlie@example.com,53,202068.0,1972-08-16
151,Bobbie,Pasuruan,Bobbie@example.ru,65,185136.0,1960-10-10
152,Jack,Medina Estates,,28,187065.0,1997-11-10
153,Minerva,Piraeus,Minerva@example.ru,29,93889.0,1996-06-14
154,Tamiko,Kuchaiburi,Tamiko@example.ru,50,203379.0,1976-02-15
155,Boyce,Barddhamān,Boyce@example.com,56,241407.0,1969-08-12
156,Patty,Pforzheim,Patty@example.com,74,159605.0,1952-01-11
157,Latonya,Borūjerd,Latonya@example.com,27,88406.0,1999-05-05
158,Alyson,São Bernardo do Campo,Alyson@example.com,46,235952.0,1980-02-16
159,Carleen,Saint-Augustin-de-Desmaures,Carleen@example.ru,27,167095.0,1999-03-05
160,Cody,Charqueadas,Cody@example.ru,55,77347.0,1970-09-27
161,Jo,Al Bājūr,Jo@example.ru,46,,1979-10-07
162,Jenni,Demerval Lobão,Jenni@example.ru,42,120751.0,1983-09-28
163,Burton,Flémalle-Haute,Burton@example.com,54,199897.0,1971-11-29
164,Clementina,,Clementina@example.com,58,185477.0,1968-02-07
165,Mindy,Wettingen,Mindy@example.com,39,102040.0,1986-12-15
166,Bethanie,Malambo,Bethanie@example.ru,64,150683.0,1962-01-21
167,Dolores,Treviso,Dolores@example.ru,63,,1962-11-21
168,Alpha,Maracanaú,Alpha@example.ru,56,90491.0,1970-05-15
169,Fatima,Purwakarta,Fatima@example.com,48,66381.0,1978-04-28
170,Twila,Vagharshapat,Twila@example.ru,24,203339.0,2001-08-04
171,Latarsha,Chorley,Latarsha@example.ru,33,138031.0,1992-08-30
172,Charlotte,Bruchköbel,Charlotte@example.com,69,196577.0,1956-07-31
173,Judith,Budhāna,Judith@example.ru,53,181452.0,1972-08-23
174,Muriel,Vernier,Muriel@example.ru,47,193429.0,1978-08-19
175,Bertram,Bingen am Rhein,Bertram@example.com,47,119468.0,1979-04-24
176,Marcel,Mandāwar,Marcel@example.ru,60,104542.0,1965-06-24
177,Latoya,Barbacena,Latoya@example.com,34,188472.0,1992-02-01
178,Barry,Kalodzishchy,Barry@example.ru,32,129401.0,
179,Tammy,Madruga,Tammy@example.ru,45,143067.0,1981-01-21
180,Lorene,Mukeriān,,18,,2008-04-15
181,Marcelino,Huaicheng,Marcelino@example.ru,42,47691.0,1983-07-13
182,,São Lourenço do Sul,Betty@example.com,80,198977.0,1945-12-28
183,Matt,Budapest XIII. kerület,Matt@example.ru,81,128739.0,1944-09-02
184,Elizabeth,Rawtenstall,Elizabeth@example.ru,73,101172.0,1953-05-01
185,Horace,Mariakerke,Horace@example.com,42,52038.0,1983-09-23
186,Jorge,Longchang,Jorge@example.ru,25,185319.0,2001-01-10
187,Yanira,Fenshui,Yanira@example.com,41,45277.0,1985-05-18
188,Erick,Adliswil,Erick@example.ru,21,223129.0,2004-10-19
189,Chuck,Wangyuan,Chuck@example.ru,47,218745.0,1979-02-02
190,Beulah,Gondā City,Beulah@example.ru,33,84425.0,1993-04-09
191,Arden,Sulmona,Arden@example.ru,82,30290.0,1944-05-15
192,Keith,Gursahāiganj,Keith@example.com,29,46854.0,1997-01-06
193,Trista,La Blancarde,Trista@example.com,,209115.0,
194,Rodrigo,Redhill,Rodrigo@example.ru,30,30143.0,1995-05-27
195,Edgar,Luziânia,Edgar@example.com,35,98411.0,1990-07-22
196,Mariano,Ajaccio,Mariano@example.com,81,215648.0,1945-05-14
197,Shelby,Mairena del Aljarafe,Shelby@example.ru,61,90328.0,1965-04-11
198,Carlo,Ziniaré,Carlo@example.ru,43,238250.0,1982-07-20
199,Gilberto,Ashfield,Gilberto@example.ru,83,175642.0,1943-04-06
200,Rachelle,Jiangmen,Rachelle@example.com,41,,1984-06-07
201,Tiffiny,Cranebrook,Tiffiny@example.com,42,175387.0,1983-08-31
202,Annie,Anakāpalle,Annie@example.ru,73,46873.0,1953-06-01
203,Burton,La Flèche,Burton@example.ru,49,236260.0,
204,Rose,Mahates,Rose@example.com,49,62754.0,1976-10-03
205,Rolando,Aïn el Bya,Rolando@example.com,72,193877.0,1953-10-12
206,Mistie,Stuttgart Mühlhausen,Mistie@example.ru,82,147749.0,1943-06-24
207,Clemencia,Blainville,Clemencia@example.com,,198521.0,2007-05-30
208,Alfredo,Barbate,Alfredo@example.ru,26,116902.0,2000-01-08
209,Tami,Cartagena,Tami@example.ru,21,142218.0,2005-05-18
210,Renita,Beldānga,Renita@example.ru,46,147618.0,1980-05-07
211,Elinor,Murlīganj,Elinor@example.ru,84,136232.0,1941-09-19
212,Pattie,Rheinfelden,Pattie@example.ru,69,38307.0,1957-02-23
213,Ken,Verviers,Ken@example.com,51,173484.0,1974-06-15
214,Tiffany,,Tiffany@example.ru,72,182280.0,1953-10-19
215,Altha,Vechelde,Altha@example.com,52,205736.0,1974-02-06
216,Nickolas,San Juan del Cesar,Nickolas@example.com,76,133633.0,1949-09-28
217,Bertram,São Gabriel,Bertram@example.com,58,197302.0,
218,Adrienne,Río Segundo,,69,198637.0,1957-01-23
219,Delphine,Schiffweiler,Delphine@example.ru,26,224333.0,1999-08-25
220,Bruce,Kizhake Chālakudi,Bruce@example.ru,78,141345.0,1948-02-27
221,Brittney,Agincourt South-Malvern West,Brittney@example.ru,39,193367.0,1987-02-14
222,Ladonna,,Ladonna@example.com,48,121141.0,1978-05-22
223,Eddie,Quankou,Eddie@example.com,70,54248.0,1955-12-03
224,Stephan,Koulamoutou,Stephan@example.com,50,,1975-08-22
225,Shelley,Fatehpur Sīkri,Shelley@example.ru,,47937.0,2002-06-18
226,Silvana,,Silvana@example.ru,57,156500.0,1969-01-08
227,Mei,Greystones,Mei@example.com,51,136075.0,1974-11-29
228,Deborah,Völklingen,Deborah@example.ru,30,207814.0,1995-06-21
229,Leroy,Vellore,Leroy@example.ru,26,227772.0,2000-02-12
230,Olga,Asparuhovo,Olga@example.ru,58,222331.0,
231,Cori,Conception Bay South,Cori@example.ru,34,100475.0,1991-08-26
232,Rhoda,Majalengka,Rhoda@example.ru,55,80139.0,1970-12-19
233,Greta,Donaustadt,Greta@example.ru,58,,1968-01-16
234,Shanell,Jelilyüzi,Shanell@example.ru,69,33274.0,1956-12-17
235,Avery,Schwarzenberg,Avery@example.ru,46,86949.0,1979-11-10
236,Gisele,Tawakule,Gisele@example.ru,51,206210.0,1974-07-12
237,Trina,Malavalli,Trina@example.com,65,105906.0,1961-01-16
238,Joann,Lowestoft,Joann@example.com,56,127139.0,1970-01-17
239,Joline,Mangotsfield,Joline@example.ru,60,245285.0,1966-02-12
240,Esther,Selebi-Phikwe,Esther@example.ru,45,152080.0,1981-01-31
241,Jade,Letchworth Garden City,Jade@example.com,35,100382.0,1990-08-27
242,Lenore,Bondoukou,Lenore@example.com,43,,1982-06-28
243,Eric,Bahir Dar,,19,134473.0,2006-12-24
244,Ernie,San Pedro,Ernie@example.com,37,195607.0,1989-03-07
245,Clara,Villiers-le-Bel,Clara@example.ru,35,129167.0,1991-05-11
246,Rosaria,Welland,Rosaria@example.ru,19,159290.0,2006-12-16
247,Cynthia,Changsha,Cynthia@example.ru,69,119508.0,1957-01-20
248,Colleen,Sāvantvādi,Colleen@example.com,37,180190.0,1989-01-01
249,Christian,Nanping,Christian@example.ru,25,131784.0,2000-08-23
250,Helena,Ascheberg,Helena@example.ru,44,125546.0,1981-11-12
251,Eldon,Lincoln,Eldon@example.com,48,214090.0,1977-06-08
252,Rory,San Pedro Sacatepéquez,Rory@example.ru,51,125133.0,1974-06-22
253,Shauna,Wedding,Shauna@example.com,20,226676.0,2006-05-08
254,Luigi,Frankston,Luigi@example.com,71,37686.0,1954-12-07
255,Clay,Draa Ben Khedda,Clay@example.ru,58,132208.0,1967-09-13
256,Christa,Monghyr,Christa@example.ru,74,231560.0,1951-08-23
257,Morris,Bahía de Caráquez,Morris@example.ru,27,216446.0,1999-02-01
258,Clair,Wacheng Neighborhood,Clair@example.ru,30,114175.0,1995-10-02
259,Yanira,Doncaster,Yanira@example.ru,78,202633.0,1947-09-22
260,Max,Cotonou,Max@example.ru,81,246882.0,1944-11-03
261,Rudolph,Dolores,Rudolph@example.com,73,132193.0,1953-03-12
262,Amie,Shōranūr,Amie@example.com,29,179041.0,1997-03-27
263,Marianna,Luckenwalde,Marianna@example.com,75,244929.0,1950-11-25
264,Dewayne,Chakradharpur,Dewayne@example.com,77,217049.0,1949-04-28
265,Doug,Shefar‘am,Doug@example.ru,25,172641.0,2000-12-21
266,Stella,Changji,Stella@example.ru,57,,1969-01-12
267,Refugio,Barcelona,,47,46453.0,1978-12-29
268,Bryon,Mill Park,Bryon@example.com,46,84545.0,1980-05-15
269,Estelle,Lappeenranta,Estelle@example.com,19,240004.0,2006-09-02
270,Seth,Tiruppuvanam,Seth@example.com,60,246883.0,
271,Burt,Zhengji,Burt@example.com,69,83960.0,1957-01-28
272,Derek,Lowestoft,Derek@example.ru,40,64314.0,1985-06-30
273,,Parkwoods-Donalda,Ed@example.com,,172778.0,1994-12-28
274,Irving,Saint-Fons,Irving@example.com,67,50487.0,1959-02-04
275,Jimmie,Dhāmpur,Jimmie@example.com,22,190081.0,2004-04-21
276,Clemencia,Ipswich,Clemencia@example.com,21,61890.0,2004-05-23
277,Winston,Saharsa,Winston@example.ru,85,154813.0,1941-02-19
278,Roxanne,Pingzhuang,Roxanne@example.com,83,221088.0,1942-08-29
279,Rowena,Kuttampuzha,Rowena@example.ru,69,189856.0,1957-01-05
280,Eartha,Chettipālaiyam,Eartha@example.ru,52,240484.0,1973-07-24
281,Mike,Townsville,Mike@example.com,31,90779.0,
282,Erin,Bhavāni,Erin@example.com,74,189667.0,1951-12-16
283,Sergio,Rishīkesh,Sergio@example.com,34,111390.0,1991-11-02
284,Tasha,Münster,Tasha@example.com,29,212355.0,1996-10-03
285,Beth,Karlovac,,47,191394.0,1979-04-19
286,Nathanael,The Gap,Nathanael@example.com,53,41280.0,1973-05-05
287,Tanya,Totonicapán,Tanya@example.com,68,162581.0,1958-05-13
288,Rita,Gold Coast,Rita@example.com,59,36105.0,1967-01-27
289,Tia,Constanza,Tia@example.ru,55,59065.0,1970-10-30
290,Nicole,Livingston,Nicole@example.com,55,48722.0,1970-12-17
291,Celeste,Zhenjiang,Celeste@example.com,18,,2007-07-10
292,Greta,Al Mishkhāb,Greta@example.ru,38,244011.0,1987-07-12
293,Stanford,Quakers Hill,Stanford@example.ru,42,240313.0,1984-01-19
294,Altha,Hyvinge,Altha@example.ru,,234080.0,1950-10-20
295,Quinn,Ngaoundéré,Quinn@example.com,43,123142.0,1982-09-30
296,Willard,Dhamtari,Willard@example.com,51,121697.0,1975-02-12
297,Todd,Bautzen,Todd@example.com,76,111265.0,1949-08-01
298,Clifton,Posillipo,Clifton@example.ru,49,192863.0,1976-09-23
299,Chandra,Duitama,Chandra@example.ru,77,37127.0,1948-11-29
300,Alexis,Erdaojiang,Alexis@example.ru,70,175073.0,1956-05-19
301,Katharine,Huadian,Katharine@example.ru,82,68644.0,1944-05-29
302,Keiko,Ourense,Keiko@example.com,42,76809.0,1984-01-16
303,Felipa,Saint-Barthélémy,Felipa@example.ru,19,194050.0,2006-05-26
304,Carmine,Mazarrón,Carmine@example.com,76,63304.0,1949-10-14
305,Taylor,Ibirama,Taylor@example.com,60,179622.0,1966-05-16
306,Belva,Campo Largo,Belva@example.com,55,127505.0,1970-06-14
307,Desmond,Stuttgart,Desmond@example.com,57,161396.0,1968-11-14
308,,Tamworth,,59,56928.0,1966-06-06
309,Irving,Walthamstow,Irving@example.ru,64,167475.0,1962-03-25
310,Katheryn,Valladolid,Katheryn@example.com,18,66719.0,2007-07-19
311,Princess,Gaoqiao,Princess@example.ru,21,58173.0,2004-10-28
312,Tyler,Longhua,Tyler@example.com,82,135902.0,1943-08-22
313,Tom,Thornton-Cleveleys,Tom@example.ru,25,180931.0,2000-07-09
314,Geoffrey,Ganning,Geoffrey@example.com,42,134358.0,1983-09-09
315,Charity,Huixing,,55,67608.0,1971-01-13
316,Casandra,Jingmen,Casandra@example.com,78,34180.0,1948-03-28
317,Dustin,Herzogenaurach,Dustin@example.com,75,96492.0,1951-03-16
318,Reda,Irákleion,Reda@example.com,27,107777.0,1998-05-24
319,Penny,Cikarang,Penny@example.ru,71,211100.0,1955-05-20
320,Earl,Villefranche-sur-Saône,Earl@example.ru,68,208529.0,1957-06-05
321,Roseanna,Puente Alto,Roseanna@example.ru,63,194179.0,1962-09-15
322,Julianna,Kencong,Julianna@example.com,53,142707.0,1972-06-09
323,Robena,’Aïn Abid,Robena@example.com,62,37202.0,1964-04-08
324,Renita,General Pinedo,Renita@example.ru,82,113761.0,1943-10-18
325,Dana,La Libertad,Dana@example.ru,55,49223.0,
326,Katrina,Puerto Boyacá,Katrina@example.com,45,37300.0,1981-03-05
327,Patrica,Berkovitsa,Patrica@example.ru,59,195851.0,1966-10-27
328,Jane,Mingguang,Jane@example.ru,74,193436.0,1951-06-05
329,Tyson,Laojunmiao,Tyson@example.ru,43,144281.0,1983-03-03
330,Ervin,Niederschönhausen,Ervin@example.ru,45,69361.0,1980-07-26
331,Marisela,Girardot City,Marisela@example.ru,78,248990.0,1947-11-22
332,Rosalyn,Jiangyin,Rosalyn@example.com,30,97834.0,1996-01-04
333,Wallace,Gameleira,Wallace@example.com,69,54513.0,1956-08-29
334,Lisbeth,Maghull,Lisbeth@example.com,55,36859.0,1970-08-25
335,Roxann,Gennevilliers,Roxann@example.ru,28,128648.0,1997-11-17
336,Rosalva,Lebrija,Rosalva@example.ru,67,75793.0,
337,Terri,Qarāwul,Terri@example.com,62,219739.0,1964-04-02
338,Shaun,Guaramirim,Shaun@example.ru,20,129830.0,2005-11-02
339,Maxine,Ghoti Budrukh,Maxine@example.com,,,1948-02-24
340,Michelle,Hennaya,,42,153921.0,
341,Michael,Peddapalli,Michael@example.com,57,124175.0,1969-02-24
342,Rocco,New Milton,Rocco@example.ru,34,202563.0,1991-09-18
343,Ronald,Hīrākud,Ronald@example.ru,44,132648.0,1981-06-01
344,Ena,Furzedown,Ena@example.com,45,198252.0,1980-10-17
345,Basil,Cabramatta,Basil@example.ru,,59155.0,1987-12-21
346,Morris,Baoqing,Morris@example.com,78,81173.0,1947-07-27
347,Jim,Xunyang,Jim@example.com,60,67419.0,1965-08-27
348,Logan,Culleredo,Logan@example.com,51,72635.0,1974-12-12
349,Scot,Préveza,Scot@example.ru,42,175931.0,1983-09-04
350,Keith,Hongjiang,Keith@example.com,43,41521.0,1983-05-17
351,Ngoc,Cachoeirinha,Ngoc@example.ru,75,64707.0,1950-09-29
352,Winston,Fier-Çifçi,Winston@example.ru,77,169994.0,1949-02-28
353,Laine,Canguaretama,Laine@example.com,37,248940.0,1988-07-23
354,Leticia,Jalesar,Leticia@example.ru,30,50200.0,1995-09-01
355,Logan,Yevlakh,Logan@example.com,75,108243.0,1951-04-19
356,Juli,Phalauda,Juli@example.com,25,70382.0,2001-02-13
357,Vernon,Villa Bisonó,Vernon@example.com,47,240247.0,1978-10-21
358,Julio,Fresnes,Julio@example.com,34,128136.0,1992-02-06
359,Jason,Consett,Jason@example.com,,113131.0,1957-10-14
360,Harriette,Chevilly-Larue,Harriette@example.ru,64,248752.0,1962-03-11
361,Fran,Mentougou,Fran@example.ru,68,156227.0,1957-06-28
362,Josh,Espelkamp,Josh@example.com,43,135216.0,1982-09-16
363,Whitney,Baie-Mahault,Whitney@example.ru,37,103260.0,1989-01-01
364,Serena,Cherthala,Serena@example.ru,76,203174.0,1950-05-04
365,Theresa,Poonamalle,Theresa@example.ru,31,218141.0,1995-02-13
366,Estella,Xiangxiang,Estella@example.com,28,116195.0,1998-01-24
367,Francisca,,Francisca@example.ru,31,232709.0,1994-11-20
368,Lincoln,Ourense,Lincoln@example.com,43,183371.0,1982-06-29
369,Kim,Nongstoin,Kim@example.com,74,205188.0,1952-04-07
370,Art,,Art@example.ru,,34963.0,1996-08-22
371,,Xiaochuan,Antwan@example.com,72,149910.0,1953-07-24
372,Gonzalo,Al Fujairah City,Gonzalo@example.ru,54,182157.0,1971-11-09
373,Clifton,Kispest,Clifton@example.ru,,91510.0,1941-07-24
374,Marlyn,French Rocks,Marlyn@example.ru,83,109379.0,1942-08-20
375,Alberto,Jianshui,Alberto@example.ru,55,76460.0,1971-04-09
376,Kurt,Srīsailain,Kurt@example.com,59,140879.0,1966-11-29
377,Jodi,Garoua Boulaï,Jodi@example.com,79,46484.0,1946-09-20
378,Julianne,Rishon LeTsiyyon,Julianne@example.com,64,120403.0,1962-04-13
379,Oma,Trossingen,Oma@example.ru,24,127896.0,2002-03-04
380,Shelby,Priego de Córdoba,,45,39529.0,1980-11-19
381,Jaclyn,Rancagua,Jaclyn@example.com,45,188351.0,1981-05-17
382,Luther,Nueva Gerona,Luther@example.ru,77,229319.0,1948-11-11
383,Viola,Termas de Río Hondo,Viola@example.com,33,125993.0,1992-06-17
384,Dominic,Goālpāra,Dominic@example.ru,60,196007.0,1965-07-06
385,Boris,Folkestone,Boris@example.com,35,59621.0,1991-04-25
386,Cora,Landerneau,Cora@example.com,49,95053.0,1977-01-17
387,Jane,Kāndhla,Jane@example.ru,80,230179.0,1945-11-03
388,Cruz,Romans-sur-Isère,Cruz@example.com,78,130985.0,1947-10-08
389,Ila,Kingswinford,Ila@example.com,54,92642.0,1971-07-06
390,Donnie,Ronnenberg,Donnie@example.com,60,141975.0,1966-01-08
391,Harriette,Torrejón de Ardoz,Harriette@example.ru,82,194050.0,1943-12-26
392,Monika,,Monika@example.ru,47,71153.0,1979-01-14
393,Danielle,Jhajjar,Danielle@example.ru,73,198242.0,1952-12-18
394,,Madīnat an Naşr,Mercedez@example.ru,32,47923.0,1993-10-15
395,Kendal,Nørresundby,Kendal@example.com,78,243876.0,1947-08-21
396,Delbert,El Khroub,Delbert@example.ru,23,226850.0,2003-02-04
397,Terra,Mirzāpur,,78,222527.0,1948-05-15
398,Linnea,Bāndarban,Linnea@example.ru,83,182456.0,1943-04-19
399,Terra,Cícero Dantas,Terra@example.com,64,127008.0,1961-08-25
400,Jeannie,Greifswald,Jeannie@example.ru,84,129258.0,1942-05-23
401,Howard,Murudeshwara,Howard@example.ru,75,170352.0,1950-09-26
402,Roy,la Maternitat i Sant Ramon,Roy@example.com,82,155839.0,1943-07-14
403,Kelvin,Kudachi,Kelvin@example.ru,,166889.0,1981-02-20
404,Verna,Facatativá,Verna@example.ru,83,78487.0,1943-03-06
405,Lawanda,Sant Martí de Provençals,Lawanda@example.com,51,211576.0,1974-08-19
406,Tierra,Barbastro,Tierra@example.com,58,179282.0,1967-07-25
407,Roy,Estreito,Roy@example.com,68,130631.0,1957-12-27
408,Merle,Radebeul,Merle@example.ru,32,165109.0,1993-12-19
409,Maribel,Tuusula,Maribel@example.com,33,93069.0,1993-02-08
410,Delilah,Shuangcheng,Delilah@example.ru,73,147883.0,1952-10-30
411,Simon,French Rocks,Simon@example.ru,62,189742.0,1964-02-10
412,Bea,Capitán Bermúdez,Bea@example.com,45,175664.0,1981-04-20
413,Kyle,Driyorejo,Kyle@example.com,50,148420.0,1975-07-29
414,Antone,Lichuan,Antone@example.com,76,147448.0,1950-02-13
415,Joette,Niederschönhausen,Joette@example.com,32,217958.0,1994-02-21
416,,Serra Talhada,Katelyn@example.com,71,146256.0,1955-04-18
417,Penny,Goméz Carreño,Penny@example.ru,77,111555.0,1948-10-30
418,Daphne,Willich,,69,135770.0,1956-10-09
419,Cindi,Peterlee,Cindi@example.com,34,215753.0,1992-01-04
420,Vernice,Menghuan,Vernice@example.ru,30,83933.0,1996-03-05
421,Lillie,Siruguppa,Lillie@example.com,25,49395.0,2001-02-21
422,Daisy,‘Ar‘ara BaNegev,Daisy@example.ru,72,103359.0,1954-04-02
423,Otis,Gadhinglaj,Otis@example.com,43,,1982-07-02
424,Cherie,Jūnāgarh,Cherie@example.com,52,105459.0,1973-12-19
425,Lonnie,,Lonnie@example.ru,73,178613.0,1952-07-26
426,Cecilia,Mansfield,Cecilia@example.ru,19,215652.0,2006-10-25
427,Ervin,Lintan Chengguanzhen,Ervin@example.com,77,161489.0,1948-10-05
428,Louie,Libourne,Louie@example.com,45,177703.0,1980-06-11
429,Stephen,Ebebiyin,Stephen@example.com,,39051.0,1995-04-30
430,Christopher,El Oued,Christopher@example.com,18,174601.0,2008-02-19
431,Deanne,Beveren,Deanne@example.ru,20,217313.0,2005-06-17
432,,Huanghua,Debbra@example.ru,25,103959.0,2001-01-27
433,Clemencia,Welling,Clemencia@example.com,66,100591.0,1960-02-22
434,Mohammad,Boundiali,Mohammad@example.com,61,219406.0,1964-12-12
435,Keith,Sint-Amandsberg,Keith@example.com,52,155002.0,1973-07-04
436,Ty,Bage'awati,Ty@example.com,68,43873.0,1957-06-03
437,Zachery,Bocholt,Zachery@example.ru,59,111108.0,1966-10-26
438,Jess,Anderlecht,Jess@example.ru,56,155772.0,1970-04-25
439,Eugene,Chelsea,Eugene@example.ru,48,52870.0,1977-12-07
440,Sammie,Lisieux,Sammie@example.ru,,80613.0,1983-01-22
441,Rory,Lüdinghausen,Rory@example.ru,84,159230.0,1941-12-28
442,Ronald,Wevelgem,Ronald@example.ru,38,145405.0,1988-03-29
443,Otto,,Otto@example.com,71,85991.0,1954-09-10
444,Micheal,Dashahe,Micheal@example.ru,21,62114.0,2004-11-03
445,Alana,Choisy-le-Roi,Alana@example.ru,59,234649.0,1966-05-30
446,Elisabeth,Santa Cruz del Quiché,Elisabeth@example.com,41,54406.0,1984-09-14
447,Joann,Madrid Centro,Joann@example.ru,85,242156.0,1940-10-13
448,Anika,Sainte-Marguerite,Anika@example.com,63,238791.0,1962-12-04
449,Barton,Romorantin-Lanthenay,Barton@example.ru,39,56237.0,1986-08-01
450,Heather,Gueckedou,Heather@example.ru,,226637.0,
451,Adam,Camaquã,Adam@example.com,54,70855.0,1971-12-24
452,Alda,Camayenne,Alda@example.com,82,248707.0,1943-07-25
453,Whitney,Caucasia,Whitney@example.ru,33,39881.0,1992-10-13
454,Jami,Hacıqabul,Jami@example.com,81,232120.0,1944-10-17
455,Pearl,Velika Kladuša,Pearl@example.com,58,144016.0,1967-11-21
456,,Huacheng,Zachery@example.com,53,48744.0,1972-07-02
457,Naomi,Moirāng,Naomi@example.com,70,57074.0,1956-01-24
458,Alton,Zhongba,Alton@example.ru,73,192551.0,1953-03-15
459,Marian,'Ali Sabieh,Marian@example.ru,20,233529.0,2005-10-11
460,Zoila,Sønderborg,Zoila@example.ru,70,43837.0,
461,Cathleen,Al Ain City,Cathleen@example.com,37,164554.0,1988-09-10
462,Lisa,Korschenbroich,Lisa@example.ru,33,153627.0,1993-01-29
463,,Regente Feijó,Alex@example.com,62,137799.0,1964-01-15
464,Robyn,Al Minyā,Robyn@example.ru,28,66192.0,1997-07-09
465,Debbra,Poppenbüttel,Debbra@example.ru,56,126689.0,
466,Joann,Gaoqiao,Joann@example.ru,31,244275.0,1995-02-07
467,Al,São Domingos do Maranhão,Al@example.com,74,100911.0,1951-06-03
468,Louie,Tacheng,Louie@example.com,,181732.0,2003-07-08
469,Elsie,Sankt Ingbert,Elsie@example.ru,76,160751.0,1949-12-27
470,Sharon,Shangsi,Sharon@example.ru,57,106645.0,1969-04-12
471,Mario,Hummelsbüttel,Mario@example.com,75,232180.0,1951-05-03
472,Alva,Yingqiu,Alva@example.com,31,89422.0,1995-04-22
473,Linda,Saarbrücken,Linda@example.ru,19,139889.0,2006-06-09
474,Ruben,União dos Palmares,Ruben@example.com,32,129734.0,1994-05-22
475,Dario,Paikeqi,Dario@example.ru,80,177721.0,1945-07-06
476,Karisa,Taunton,Karisa@example.ru,,224569.0,1955-10-31
477,Clarence,Espinosa,Clarence@example.com,78,39064.0,1947-12-05
478,Casandra,Bad Soden am Taunus,Casandra@example.com,18,192402.0,2007-07-28
479,Carson,Le Plessis-Robinson,Carson@example.ru,63,147607.0,
480,Marry,Adelaide,Marry@example.ru,52,71044.0,1973-09-10
481,Luis,Kualakapuas,Luis@example.com,26,102500.0,2000-04-10
482,Robt,El Achir,Robt@example.ru,,237298.0,1966-09-11
483,Dara,Rosh Ha‘Ayin,Dara@example.com,67,243714.0,1959-01-07
484,Shanna,El Palmar,Shanna@example.ru,45,146211.0,1981-01-31
485,,,Madge@example.ru,41,237484.0,1984-10-13
486,Modesto,Merthyr Tydfil,Modesto@example.com,58,142427.0,1967-08-23
487,Erika,Shanwei,Erika@example.com,66,209060.0,1959-09-06
488,Donnell,Nāgercoil,Donnell@example.com,26,33825.0,1999-10-05
489,Autumn,Salgueiro,Autumn@example.ru,50,174866.0,1975-06-05
490,Callie,New Cross,Callie@example.ru,74,235346.0,1952-04-21
491,Veola,West Hill,Veola@example.ru,25,193478.0,2000-07-18
492,Tera,Ilha Solteira,Tera@example.ru,49,223996.0,1976-08-08
493,Tom,Fengping,Tom@example.ru,37,191923.0,1988-06-25
494,Jerome,Lhokseumawe,Jerome@example.ru,61,162392.0,1964-08-31
495,Gloria,Reinheim,Gloria@example.ru,40,140241.0,1985-06-09
496,Leland,Pangkalanbuun,Leland@example.com,52,33875.0,1973-10-24
497,Jacklyn,Kirkcaldy,Jacklyn@example.ru,34,152072.0,1991-07-15
498,Marcia,Milton Keynes,Marcia@example.ru,65,156831.0,1960-06-29
499,Leland,Lisieux,Leland@example.ru,62,57030.0,1963-07-28
500,Jeremiah,Castres,Jeremiah@example.ru,52,140905.0,1974-04-25
501,Joey,Shangpa,Joey@example.ru,55,69866.0,1970-12-31
502,Roberta,Duliajan,Roberta@example.ru,23,148986.0,2002-10-15
503,Trista,Nenjiang,Trista@example.ru,84,120601.0,1941-10-31
504,Sonny,Molepolole,Sonny@example.ru,35,32997.0,1991-05-02
505,Stacie,Dahuangshan,Stacie@example.ru,55,52139.0,1970-12-11
506,Latisha,Horsforth,Latisha@example.ru,,150377.0,1988-06-29
507,Roman,Villa Alemana,Roman@example.com,72,232951.0,1953-10-18
508,Clemencia,Grevenbroich,Clemencia@example.ru,,187930.0,
509,Tommy,As Sulaymānīyah,Tommy@example.com,65,200556.0,1961-02-23
510,Karon,Misilmeri,Karon@example.com,28,242189.0,1997-07-27
511,Latarsha,Nārāyanganj,Latarsha@example.ru,70,208371.0,1955-11-01
512,Kristi,Giv'at Shmuel,Kristi@example.ru,76,120850.0,1949-07-30
513,Tam,Paty do Alferes,Tam@example.com,77,247369.0,1948-08-29
514,Lita,Khopoli,Lita@example.ru,68,110924.0,1957-08-06
515,Liana,Guanajay,Liana@example.com,49,43455.0,1977-04-14
516,Bret,Meerbusch,Bret@example.ru,53,221879.0,1973-01-13
517,Keith,Maryborough,Keith@example.com,81,36712.0,1944-11-10
518,Luz,Bishopbriggs,Luz@example.ru,70,123234.0,1955-11-07
519,Tiffiny,Manlleu,Tiffiny@example.ru,33,232769.0,1993-01-12
520,Roxane,Zhalantun,Roxane@example.ru,23,109095.0,2002-10-31
521,Pearle,Akwatia,Pearle@example.com,47,195638.0,1978-09-14
522,Ella,Porto Seguro,Ella@example.ru,85,96363.0,1940-06-07
523,,Budapest VIII. kerület,Leanne@example.ru,79,129934.0,1946-08-04
524,Evia,Télimélé,Evia@example.com,30,110747.0,1995-11-01
525,Ramiro,Nazaré da Mata,Ramiro@example.com,80,142984.0,1945-07-22
526,Ismael,Les Ulis,Ismael@example.com,72,136222.0,1953-06-17
527,Hilde,Caçapava,Hilde@example.ru,50,73119.0,1975-09-17
528,Edna,Santiago de las Vegas,Edna@example.ru,20,179070.0,2005-08-21
529,Darla,Schwanewede,Darla@example.ru,26,157025.0,2000-02-26
530,Lisa,Newton Aycliffe,Lisa@example.ru,36,77126.0,1990-05-07
531,Deidre,Les Olives,Deidre@example.ru,43,55575.0,1983-05-10
532,Ed,Westhoughton,Ed@example.ru,33,59943.0,1992-08-01
533,Kenna,Almozara,Kenna@example.ru,38,232068.0,1988-01-18
534,Kali,Xiaying,Kali@example.com,76,164505.0,1949-11-05
535,Marya,Potrerillos,Marya@example.com,20,164271.0,2005-06-14
536,Ernie,Habiganj,Ernie@example.com,35,118180.0,1990-12-08
537,Alisha,Bayonne,Alisha@example.com,58,208091.0,1967-07-08
538,Gisele,Taylors Hill,Gisele@example.com,33,211726.0,1992-07-09
539,Jaimie,Candelaria,Jaimie@example.ru,64,220395.0,
540,Stephen,Kajaani,Stephen@example.ru,33,79150.0,1992-10-07
541,Rodger,Resistencia,Rodger@example.com,59,226743.0,1967-02-21
542,Tyron,Bad Langensalza,Tyron@example.ru,64,154351.0,1961-10-06
543,Barbra,Mosbach,Barbra@example.ru,19,93376.0,2007-05-13
544,Rosalie,Uherský Brod,Rosalie@example.ru,40,216979.0,1985-06-12
545,Jocelyn,Bhadrāchalam,Jocelyn@example.ru,28,187938.0,1997-08-02
546,Darrin,Payakumbuh,Darrin@example.com,64,196380.0,1961-11-16
547,Elyse,Shangmei,Elyse@example.ru,65,159807.0,1960-09-24
548,Doreen,Parnamirim,Doreen@example.com,80,241263.0,1945-11-20
549,Jimmy,Pithampur,Jimmy@example.com,29,42395.0,1997-05-13
550,Adolfo,Cornwall,Adolfo@example.ru,23,37080.0,2002-11-25
551,Carlton,San Lorenzo de El Escorial,Carlton@example.com,34,154198.0,1991-08-24
552,Linwood,Basauri,Linwood@example.ru,36,168443.0,1990-01-25
553,Muriel,Jodiya Bandar,Muriel@example.com,20,38392.0,2005-07-22
554,Edris,Pedreira,Edris@example.com,46,136941.0,1980-04-28
555,Garnet,Río Segundo,Garnet@example.ru,59,97816.0,1967-02-17
556,Beatriz,Olesa de Montserrat,Beatriz@example.ru,70,222360.0,1955-09-15
557,Zula,Chengzihe,Zula@example.ru,50,115925.0,1976-03-04
558,Stella,Punchbowl,Stella@example.com,76,66412.0,1949-06-12
559,Enrique,Sidoarjo,Enrique@example.com,52,108209.0,1973-09-14
560,Brice,Pāonta Sāhib,Brice@example.com,78,83618.0,1947-10-15
561,Tinisha,Māvelikara,Tinisha@example.com,32,197775.0,1994-02-26
562,Gayla,Cicurug,Gayla@example.com,37,134857.0,1988-07-25
563,Stephine,Sainte-Foy-lès-Lyon,Stephine@example.ru,76,171868.0,1950-01-04
564,Geneva,Campo Mourão,Geneva@example.ru,65,225403.0,1961-03-29
565,Karla,Tartagal,Karla@example.ru,82,192375.0,1943-10-02
566,Samuel,Thamaga,,35,84015.0,1990-11-07
567,Bryan,Constantine,Bryan@example.com,39,234808.0,1986-09-09
568,Tyra,San Lorenzo de Esmeraldas,Tyra@example.com,74,153620.0,1952-02-27
569,Debrah,Batouri,Debrah@example.com,37,135651.0,1989-04-14
570,Ava,Lentini,Ava@example.com,31,215288.0,1995-02-16
571,Michale,Zhongling,Michale@example.ru,67,160121.0,1958-08-01
572,Haley,Faridabad,Haley@example.ru,20,94567.0,2005-06-13
573,Malcolm,Bāzār-e Yakāwlang,Malcolm@example.com,52,246802.0,1974-05-18
574,Sonny,Rockingham,Sonny@example.com,21,93467.0,2005-04-19
575,Bessie,Wittenheim,Bessie@example.com,74,230986.0,1951-12-23
576,Anna,,Anna@example.ru,81,241933.0,1944-12-24
577,Lindsay,Bhayandar,Lindsay@example.ru,42,183052.0,1984-02-17
578,Nicki,Linhares,Nicki@example.com,24,176075.0,2001-07-29
579,Lionel,Alboraya,Lionel@example.ru,56,86682.0,1970-05-02
580,Jodi,Calafell,Jodi@example.com,51,226734.0,1974-10-13
581,Charisse,New Milton,Charisse@example.com,47,146222.0,1979-02-20
582,Margarito,Nova Prata,Margarito@example.ru,73,143845.0,1952-12-17
583,Delma,Cabreúva,Delma@example.ru,38,84816.0,1987-12-21
584,Mitchel,Isfahan,Mitchel@example.com,35,50349.0,1990-11-15
585,Forrest,Nedumangād,Forrest@example.com,36,224938.0,1989-08-07
586,Dianne,Shiggaon,Dianne@example.com,63,246074.0,1962-07-19
587,Clara,,Clara@example.ru,,207417.0,1968-05-18
588,Jim,Geislingen an der Steige,Jim@example.com,50,197777.0,1975-10-02
589,Iva,Murādnagar,Iva@example.com,83,230123.0,1942-10-19
590,Roseanna,Sītāpur,Roseanna@example.ru,33,34747.0,1993-03-27
591,Doris,Manacor,Doris@example.ru,29,95847.0,1996-12-06
592,Julio,Duncraig,Julio@example.ru,28,240337.0,1997-08-25
593,Michaela,Sogamoso,Michaela@example.com,29,,1997-01-24
594,Lissa,Sevilla,Lissa@example.ru,20,142640.0,2006-03-15
595,,Al Quşayr,Viola@example.ru,61,118690.0,1964-09-01
596,Virgil,Rāhatgarh,Virgil@example.ru,70,51268.0,1956-02-05
597,Jonas,Giv'at Shmuel,Jonas@example.com,53,208864.0,1973-03-15
598,Renaldo,Mughal Sarāi,Renaldo@example.ru,65,42206.0,1961-05-24
599,Darrell,San Luis de Sincé,Darrell@example.com,31,65973.0,1994-08-26
600,Royce,Ponders End,Royce@example.com,71,85364.0,1955-02-19
601,Joanna,Aragarças,Joanna@example.ru,33,90811.0,1993-02-02
602,Desiree,Chimbarongo,Desiree@example.ru,56,240273.0,1969-10-13
603,Julianne,Sātkania,Julianne@example.com,,33392.0,1978-03-09
604,Diane,Lingsugūr,Diane@example.com,,65518.0,1985-01-29
605,Valerie,Santander,Valerie@example.ru,69,111180.0,1957-05-13
606,Laura,Burg Unter-Falkenstein,Laura@example.ru,63,208825.0,1962-09-18
607,Glenn,Villa Allende,Glenn@example.com,72,161589.0,1954-05-23
608,Hollis,Begusarai,Hollis@example.ru,53,95725.0,1972-12-13
609,Cesar,Shijiazhuang,Cesar@example.com,48,76810.0,1978-01-28
610,Dallas,Canary Wharf,Dallas@example.ru,72,208617.0,1953-08-04
611,Dannie,Lingyuan,Dannie@example.ru,85,188763.0,1940-10-17
612,Bethany,,Bethany@example.ru,28,170892.0,1998-05-05
613,Dawn,Fredonia,Dawn@example.com,38,194682.0,1988-04-24
614,Regina,Lormont,,23,246756.0,2003-02-11
615,Jerold,Senador Guiomard,Jerold@example.ru,31,56377.0,1994-12-31
616,Felicia,San Luis de Sincé,Felicia@example.com,67,50045.0,1958-11-02
617,Sammy,Kaposvár,Sammy@example.com,72,102843.0,1954-03-27
618,Burt,Zhuoshui,Burt@example.ru,30,60271.0,1995-07-30
619,Filomena,San Pablo Jocopilas,Filomena@example.ru,83,212288.0,1943-04-25
620,Barbara,Maudaha,Barbara@example.com,34,37497.0,1991-12-25
621,Antone,Sheohar,Antone@example.com,28,65054.0,1998-01-10
622,Stacie,Maroubra,,76,244355.0,
623,Cher,Brezina,Cher@example.ru,30,39196.0,1996-03-24
624,Merle,Chamrajnagar,Merle@example.com,82,122618.0,1944-02-13
625,Stacie,Seaford,Stacie@example.ru,37,243678.0,1989-05-02
626,Sung,Attingal,Sung@example.com,44,166592.0,1982-02-25
627,Claude,Alliston,Claude@example.com,32,149466.0,1993-08-23
628,Samira,Zhuoshui,Samira@example.ru,58,135588.0,1968-02-23
629,Fransisca,Romainville,Fransisca@example.ru,,140473.0,1987-06-30
630,Haley,,Haley@example.com,53,99436.0,1972-09-18
631,Irene,Mandalī,Irene@example.ru,42,181890.0,1983-11-15
632,Davida,Irákleion,Davida@example.ru,20,212431.0,2005-12-05
633,Pat,Pecangaan,,74,249310.0,1952-02-12
634,Thad,Ramagundam,Thad@example.ru,81,246156.0,1945-04-28
635,Lauralee,Krychaw,Lauralee@example.ru,63,220038.0,1963-02-12
636,Scotty,Longtan,Scotty@example.com,21,104859.0,2004-08-31
637,Lester,Warstein,Lester@example.com,67,214407.0,1959-03-02
638,Chris,Pingxiang,Chris@example.com,28,167322.0,1997-06-26
639,Angelina,Gangāpur,Angelina@example.ru,60,246760.0,1966-02-18
640,Casandra,Fontaine,Casandra@example.ru,85,177049.0,1941-03-06
641,Julia,San Miguel,Julia@example.com,72,63492.0,1953-10-31
642,,Manhuaçu,,24,131591.0,2002-05-04
643,,Innere Stadt,Barb@example.com,74,191152.0,1951-07-09
644,Claude,Kottūru,Claude@example.ru,52,70572.0,1973-07-04
645,Alison,Balbriggan,Alison@example.ru,57,96593.0,1969-04-02
646,Jonas,Osvaldo Cruz,Jonas@example.ru,72,77140.0,1954-04-18
647,Nina,El Grao,Nina@example.com,42,59817.0,
648,Alva,Bhiwāni,Alva@example.com,57,236434.0,1968-10-20
649,Jane,Colombia,Jane@example.com,62,153438.0,1963-09-16
650,Rae,Nuevo San Carlos,Rae@example.ru,65,221557.0,1961-03-06
651,Shae,Tangerang,Shae@example.ru,47,162492.0,1979-05-05
652,Felicita,Sang-e Chārak,Felicita@example.ru,36,245250.0,1989-12-13
653,,Footscray,Marianna@example.com,51,198902.0,1974-08-04
654,Adrienne,Conflans-Sainte-Honorine,Adrienne@example.com,23,31140.0,2002-12-21
655,Julian,,Julian@example.ru,73,166540.0,1952-10-20
656,Eldora,Greater Sudbury,Eldora@example.ru,41,194411.0,1984-06-01
657,Damon,Kunigal,Damon@example.com,39,,1987-03-15
658,Kyle,Choloma,Kyle@example.com,47,51541.0,1979-01-12
659,Phil,Shuanglong,Phil@example.ru,44,145601.0,1982-05-18
660,Joette,Shouguang,Joette@example.ru,62,51318.0,1963-09-16
661,Juliet,Zagazig,Juliet@example.com,52,162009.0,1974-04-05
662,Angelo,Prestea,Angelo@example.ru,59,57712.0,1966-12-30
663,Elba,Holguín,Elba@example.ru,42,207779.0,1984-04-23
664,Anneliese,Espinosa,Anneliese@example.com,23,62598.0,2002-12-30
665,Stacey,Schwabach,Stacey@example.com,28,163701.0,1998-02-04
666,Zella,Bonneuil-sur-Marne,Zella@example.ru,67,75734.0,1958-10-19
667,Claire,Donaustadt,Claire@example.com,75,172262.0,1950-12-16
668,Barb,Zhong’ao,Barb@example.ru,65,169100.0,1960-06-28
669,Cher,Tórshavn,Cher@example.ru,85,163435.0,1941-02-26
670,Jeannette,Sandown,Jeannette@example.com,50,105211.0,1976-01-17
671,Wendi,Bhādāsar,,78,125065.0,1947-09-09
672,Celeste,Modi‘in Makkabbim Re‘ut,Celeste@example.ru,24,136681.0,2001-12-31
673,Mable,,Mable@example.com,67,148290.0,1958-09-26
674,America,Zhuangyuan,America@example.com,20,220405.0,2005-12-08
675,Ora,San Juan,Ora@example.ru,74,39066.0,1951-09-25
676,Noble,Altenburg,Noble@example.com,28,186827.0,1997-12-25
677,Roy,Shāhpura,Roy@example.com,77,113721.0,1948-12-11
678,,Toulouse,Aida@example.ru,76,170755.0,1949-12-16
679,Yanira,Naumburg,Yanira@example.com,56,65989.0,1970-02-25
680,Irma,Châtenay-Malabry,Irma@example.com,24,98226.0,2002-02-01
681,Holly,Eṭ Ṭaiyiba,,80,238068.0,1946-05-04
682,Selena,General Pacheco,Selena@example.com,,101347.0,1949-11-15
683,Marylyn,Colomadu,Marylyn@example.ru,83,55583.0,1942-09-07
684,Galen,Klangenan,Galen@example.ru,34,36930.0,1992-04-21
685,Genevieve,Tàrrega,Genevieve@example.ru,28,178836.0,1997-07-03
686,Joy,Shipley,,,172506.0,1984-12-01
687,Janette,Stendal,Janette@example.ru,46,104329.0,1979-09-15
688,Violeta,Stróvolos,Violeta@example.ru,21,,2004-10-24
689,Mariana,Dhulagari,Mariana@example.ru,28,41121.0,1998-02-10
690,Rae,Cabinda,Rae@example.ru,65,119292.0,1961-04-15
691,Virginia,Stoke-on-Trent,Virginia@example.ru,77,87468.0,1949-04-11
692,Anneliese,Aïn Oussera,Anneliese@example.com,25,37879.0,2000-08-21
693,Cynthia,,Cynthia@example.com,85,238419.0,1940-08-30
694,Gerald,Vinukonda,Gerald@example.ru,62,196189.0,1963-11-10
695,Wilbert,Bālurghāt,Wilbert@example.com,56,244828.0,1970-03-03
696,Maxwell,Castelli,Maxwell@example.ru,66,85021.0,1960-03-20
697,Isaura,Algeciras,Isaura@example.com,76,148668.0,1949-12-03
698,Brittney,Nogent-sur-Oise,Brittney@example.ru,48,108414.0,1978-03-30
699,Blaine,Angoulême,Blaine@example.ru,72,165823.0,1953-07-24
700,Al,Ruidian,Al@example.com,30,218170.0,1995-07-29
701,Connie,Detmold,Connie@example.ru,19,56891.0,2007-03-18
702,Philip,Chepstow,Philip@example.com,58,87334.0,1967-06-23
703,Ramon,Ibiporã,Ramon@example.com,52,52639.0,1973-08-31
704,Erin,Glenferrie,Erin@example.com,71,136288.0,
705,Justine,Alcalá de Henares,Justine@example.ru,83,140195.0,1943-05-18
706,Robena,,Robena@example.ru,38,178767.0,1988-04-14
707,Patricia,Chinna Salem,,69,98551.0,1956-11-06
708,Cathy,Westmount,Cathy@example.com,39,89859.0,1986-06-09
709,Fidel,Taquaritinga,Fidel@example.ru,84,137164.0,1941-07-30
710,Delmer,Dharampur,Delmer@example.ru,73,204248.0,1952-11-17
711,Bruce,Iglesias,Bruce@example.com,33,234987.0,1992-07-04
712,Heriberto,Greystones,Heriberto@example.com,58,83870.0,1968-03-10
713,Concepcion,Daimiel,Concepcion@example.ru,73,246617.0,1952-12-04
714,Fidelia,Augusto Corrêa,Fidelia@example.com,45,176038.0,1981-02-24
715,Chelsey,Crawley,Chelsey@example.ru,77,91181.0,1948-07-07
716,,Itabira,Rebekah@example.ru,47,185719.0,1979-04-15
717,Adrian,Panlong,Adrian@example.com,38,179401.0,
718,Jodie,Mülheim,Jodie@example.com,68,236473.0,1957-10-03
719,Vanita,Chikodi,Vanita@example.com,63,56980.0,1962-10-05
720,Tonja,Rājahmundry,Tonja@example.com,60,201863.0,1966-02-19
721,Weldon,Capâo Bonito,,54,148090.0,1972-03-17
722,Nickole,Heusden,Nickole@example.ru,65,44140.0,1960-10-10
723,Shannon,Bagnolet,Shannon@example.com,58,201281.0,1968-04-04
724,Etta,Huanggang,Etta@example.com,23,182599.0,2002-05-21
725,Greg,Riedstadt,Greg@example.com,35,67062.0,1991-02-09
726,Debby,Jūnāgadh,Debby@example.com,55,212407.0,
727,Opal,Lembang,Opal@example.com,61,224196.0,1964-10-30
728,Dennis,Viljandi,Dennis@example.com,31,117461.0,1994-12-11
729,Margie,Santa Vitória do Palmar,Margie@example.ru,77,64814.0,1948-08-29
730,Iluminada,,Iluminada@example.com,73,161825.0,1953-05-10
731,Lisbeth,San Vito dei Normanni,Lisbeth@example.com,51,73374.0,1974-09-04
732,Garnett,Fyzābād,Garnett@example.com,83,93444.0,1942-08-10
733,Faith,Preston,Faith@example.com,55,74953.0,1971-03-26
734,Lucy,Conchal,Lucy@example.com,32,209714.0,1993-09-07
735,Felicia,Stuttgart Mühlhausen,Felicia@example.com,34,164362.0,1991-08-13
736,Adelaida,Kisvárda,Adelaida@example.ru,75,98469.0,1951-03-09
737,Rebekah,La Romana,Rebekah@example.com,80,145120.0,1945-11-15
738,Lorene,Middleton,Lorene@example.com,31,175066.0,1994-11-22
739,Treva,Villa Santa Rita,Treva@example.ru,46,62450.0,1979-12-23
740,Latanya,Gunungsitoli,,78,71564.0,1948-05-20
741,Emilie,Kishangarh,,54,92224.0,1972-02-04
742,Stephenie,Juhaynah,Stephenie@example.com,85,,1940-09-08
743,Myron,Tongzhou,Myron@example.com,74,,1952-05-16
744,Corina,Sattenapalle,Corina@example.ru,37,65883.0,1988-10-23
745,,Kolding,Cameron@example.ru,80,158268.0,1946-04-15
746,Trent,Cagliari,Trent@example.ru,51,161501.0,1974-10-04
747,Melodie,Brājarājnagar,Melodie@example.ru,37,63346.0,1988-08-13
748,Danna,Mevasseret Tsiyyon,Danna@example.ru,35,248555.0,1990-12-22
749,Angelo,Nkongsamba,Angelo@example.com,32,89169.0,1993-12-17
750,Ben,Phirangipuram,Ben@example.ru,72,187166.0,1953-06-19
751,Ava,Shikohābād,Ava@example.com,,182379.0,1949-12-25
752,Orval,,Orval@example.com,59,,1966-12-01
753,Deanne,Monte Santo de Minas,Deanne@example.com,80,211372.0,1945-11-03
754,Tyrone,Chenjiaba,Tyrone@example.com,61,239592.0,1964-10-27
755,Waldo,,Waldo@example.ru,78,211820.0,1948-04-15
756,Maren,Kāmāreddi,Maren@example.ru,41,233427.0,1985-01-20
757,Jenna,Varjota,Jenna@example.ru,24,71824.0,2001-07-29
758,Rafael,Qiryat Mal’akhi,Rafael@example.ru,84,241205.0,1942-02-17
759,Fidelia,Gelnhausen,Fidelia@example.ru,71,216644.0,1954-07-30
760,Kimberley,,Kimberley@example.ru,85,206304.0,1941-03-13
761,Raul,Upper Coomera,Raul@example.ru,55,46003.0,1970-12-17
762,Mariam,Fusagasugá,Mariam@example.ru,24,225256.0,2002-05-15
763,Kathleen,Burnham-on-Sea,Kathleen@example.ru,72,242671.0,1954-02-12
764,Essie,Pingwu County,Essie@example.com,51,248220.0,1974-08-02
765,,Halstenbek,Belle@example.ru,54,153723.0,1971-08-23
766,Clair,,Clair@example.ru,70,61085.0,1956-02-14
767,Cori,Itānagar,Cori@example.ru,81,142646.0,1944-11-22
768,Ava,Sant Martí de Provençals,Ava@example.com,31,54615.0,1994-07-07
769,Yessenia,Nepānagar,Yessenia@example.ru,29,175294.0,1997-05-17
770,Rosalina,Nzérékoré,Rosalina@example.com,49,144701.0,1977-04-05
771,Juana,Darbhanga,Juana@example.ru,35,201003.0,
772,Brooke,Taoyuan,Brooke@example.com,42,183325.0,1983-12-02
773,Gloria,Paralowie,Gloria@example.com,54,57542.0,1971-09-12
774,Marva,Dollard-Des Ormeaux,Marva@example.ru,56,30956.0,1969-07-15
775,Jocelyn,Sandaohezi,Jocelyn@example.ru,56,114036.0,1969-11-08
776,Nathanael,Xuantan,Nathanael@example.ru,27,35668.0,1998-07-23
777,Adolph,Harwich,Adolph@example.ru,73,179586.0,1953-03-20
778,Rosella,Stowmarket,Rosella@example.ru,63,76073.0,1962-10-23
779,Mable,Itzehoe,Mable@example.com,20,46927.0,2005-10-23
780,Elba,Mampong,Elba@example.com,46,32002.0,1980-05-10
781,Lanny,Shanwang,Lanny@example.com,78,243294.0,1947-06-07
782,Reginald,Stepney,Reginald@example.ru,30,170045.0,1995-11-08
783,Alana,Lucknow,Alana@example.com,62,73422.0,1964-01-06
784,Marguerite,Puerto Rico,Marguerite@example.com,35,145245.0,1990-09-29
785,Rodrick,Chirmiri,Rodrick@example.ru,60,112267.0,1966-04-27
786,Rosalee,Barreiros,Rosalee@example.ru,26,218969.0,2000-03-28
787,,Aranda de Duero,Judy@example.ru,72,43268.0,1953-08-19
788,Mercedez,La Haute-Saint-Charles,Mercedez@example.ru,41,197179.0,1984-11-05
789,Joanna,Thoubāl,Joanna@example.com,33,234536.0,1992-12-19
790,Victoria,Tianzhuang,Victoria@example.com,30,33474.0,1996-04-09
791,Sue,Mālegaon,Sue@example.ru,34,94633.0,1992-04-03
792,Justine,Qianjiang,Justine@example.com,67,81891.0,1958-10-02
793,Clifford,Newquay,Clifford@example.com,23,170537.0,2002-06-06
794,Earl,Neustadt,Earl@example.com,54,164316.0,1972-04-19
795,Macy,Vénissieux,Macy@example.ru,68,221620.0,1957-07-08
796,Teena,Douarnenez,Teena@example.ru,21,116604.0,2005-04-27
797,Yolanda,Tarauacá,Yolanda@example.ru,46,112649.0,1979-11-06
798,Eddie,Ambājogāi,Eddie@example.com,35,85082.0,1991-01-31
799,Michale,Kamalganj,Michale@example.ru,55,94968.0,1970-09-11
800,Starla,Rangpur,Starla@example.com,,167977.0,1988-10-24
801,Lindsay,San Bartolomé,Lindsay@example.com,60,68976.0,1965-12-06
802,Astrid,Vaterstetten,Astrid@example.com,53,119367.0,1972-12-28
803,Bell,La Serena,Bell@example.com,24,110298.0,2002-05-03
804,Elmer,Prostějov,Elmer@example.ru,27,171198.0,1998-06-02
805,Zella,Luohuang,Zella@example.com,65,66023.0,1960-08-17
806,Holly,Achères,,39,241232.0,1986-09-28
807,Luana,Mutxamel,Luana@example.ru,47,82652.0,1978-09-30
808,Joann,Schlüchtern,Joann@example.com,30,122154.0,1996-03-28
809,Gerard,Khamaria,Gerard@example.ru,19,127769.0,2006-07-07
810,Barbara,Zamānia,Barbara@example.com,72,169482.0,1953-11-30
811,Armando,Chikmagalūr,,34,215101.0,1991-05-29
812,Shawna,Mahates,Shawna@example.ru,40,183094.0,1985-08-27
813,Belva,Molenbeek-Saint-Jean,Belva@example.ru,51,169495.0,1975-05-06
814,Marietta,Bangolo,Marietta@example.com,39,158976.0,1986-07-16
815,Euna,Jacutinga,Euna@example.ru,62,36178.0,1963-09-14
816,Sharlene,Marseille 02,Sharlene@example.com,32,108128.0,1993-07-23
817,Neville,Boujdour,Neville@example.com,62,83223.0,1964-05-29
818,Irving,Fīrozābād,Irving@example.com,63,185972.0,1962-08-05
819,Hoa,Dali Old Town,Hoa@example.ru,40,139696.0,1986-03-09
820,Tracy,Mandelieu-la-Napoule,Tracy@example.com,37,227917.0,1988-11-03
821,Latonya,Lichfield,Latonya@example.com,23,191589.0,2002-12-17
822,Eileen,Naciria,Eileen@example.ru,85,226225.0,1941-05-07
823,May,Chaumont,May@example.ru,82,244362.0,1943-09-25
824,Marcella,Wārāseonī,Marcella@example.com,39,104370.0,1987-05-16
825,Isabelle,Jaguaquara,Isabelle@example.com,23,103269.0,2003-05-03
826,,,,51,49884.0,1974-07-10
827,Ray,St. John's,Ray@example.ru,60,231560.0,1966-05-17
828,Felicia,Neustadt in Holstein,Felicia@example.ru,41,233878.0,1984-11-16
829,Jeff,Bruay-la-Buissière,Jeff@example.ru,37,229242.0,1989-02-21
830,Gabriel,Ciputat,Gabriel@example.com,60,143982.0,1966-05-15
831,Kyle,Bhogpur,Kyle@example.ru,27,214155.0,1999-04-11
832,Lloyd,Tirupati,Lloyd@example.com,50,85802.0,1975-09-03
833,Clifton,Reghaïa,Clifton@example.ru,70,152306.0,1955-10-21
834,Jeanne,Oswestry,Jeanne@example.ru,64,131664.0,1962-04-04
835,Arlene,Linping,Arlene@example.com,68,221017.0,1958-04-14
836,Maryjo,San Juan del Cesar,Maryjo@example.ru,52,217105.0,1973-11-16
837,,Yakeshi,Phyliss@example.ru,58,238912.0,1968-05-12
838,Leeann,Meihekou,Leeann@example.com,55,109735.0,1971-04-12
839,Wilma,Momostenango,Wilma@example.ru,59,211224.0,1966-11-30
840,Darnell,Frýdek-Místek,Darnell@example.com,61,198807.0,1964-08-24
841,Joline,Chengxian Chengguanzhen,Joline@example.com,63,47853.0,1963-03-19
842,Richard,Ciempozuelos,Richard@example.ru,50,125619.0,1975-12-01
843,Margret,Tanfang,Margret@example.ru,84,247787.0,1941-08-20
844,Annie,Carabanchel,Annie@example.com,66,236695.0,1960-04-23
845,Apolonia,San José de Jáchal,Apolonia@example.ru,47,122570.0,1979-05-25
846,Rebekah,Sambiase,Rebekah@example.com,35,157709.0,1990-07-09
847,Norman,Taliwang,Norman@example.ru,52,233065.0,1974-05-12
848,Florida,Ascheberg,Florida@example.ru,57,202019.0,1968-10-25
849,Regina,Maoming,Regina@example.com,36,47070.0,1989-07-23
850,Felipa,Reinbek,Felipa@example.ru,21,179012.0,2005-05-03
851,Gerardo,Baiyang,Gerardo@example.com,80,114336.0,1945-07-22
852,Francisco,Kāranja,Francisco@example.com,21,170171.0,2004-07-13
853,Gayle,Marchienne-au-Pont,Gayle@example.ru,55,,1970-06-07
854,Viviana,K’olīto,Viviana@example.ru,42,131614.0,1983-12-15
855,Edith,Kasrāwad,Edith@example.ru,59,164744.0,1966-10-20
856,Arthur,Khātegaon,Arthur@example.ru,58,90935.0,1967-09-12
857,Bobbie,Eisenach,,43,96041.0,1983-03-05
858,Maxine,Frankfurt am Main,Maxine@example.ru,,62485.0,1955-07-03
859,Troy,Chongqing,Troy@example.com,79,61922.0,1947-01-07
860,Wayne,Hadgāon,Wayne@example.com,33,53340.0,1992-08-29
861,Babara,Vadlapūdi,Babara@example.com,63,63753.0,1962-07-28
862,Ying,Balneário Camboriú,Ying@example.ru,33,158504.0,1992-06-10
863,Leigh,Butajīra,Leigh@example.com,76,99237.0,1950-05-27
864,Eugene,Carmen de Viboral,Eugene@example.ru,37,236201.0,1989-03-16
865,Nick,Mahbūbnagar,Nick@example.com,61,130417.0,1964-08-08
866,Tara,Gandajika,Tara@example.ru,19,120325.0,2007-01-11
867,Adelaida,Lampertheim,Adelaida@example.com,66,97968.0,1960-04-13
868,Jacquiline,Ajaccio,Jacquiline@example.ru,55,106148.0,1970-10-29
869,Gino,Ludwigsfelde,Gino@example.com,52,35230.0,1974-03-22
870,Shoshana,Be’er Ya‘aqov,Shoshana@example.ru,73,48126.0,1952-07-22
871,Ralph,Lianyungang,Ralph@example.com,64,218538.0,1962-03-19
872,Jaime,Llallagua,Jaime@example.ru,38,204640.0,1987-11-02
873,Louise,Pachperwa,Louise@example.ru,66,,1959-11-08
874,Guadalupe,Brantford,Guadalupe@example.com,42,201060.0,1983-06-18
875,Harold,Idstein,Harold@example.com,61,93214.0,1965-03-03
876,Pinkie,Maghāghah,Pinkie@example.ru,69,156147.0,1956-09-10
877,Sophia,Nanpeng,Sophia@example.com,24,89131.0,2002-05-06
878,Aaron,Teshi Old Town,Aaron@example.ru,44,188769.0,1981-12-01
879,Linnea,El Charco,Linnea@example.com,40,210215.0,1985-06-19
880,Margie,Mahudha,Margie@example.ru,63,30625.0,1963-01-14
881,Carey,Qiongshan,Carey@example.com,50,245720.0,1975-06-08
882,Katrina,Agía Paraskeví,Katrina@example.ru,44,,1982-03-17
883,Wade,Surabaya,,20,118145.0,2005-07-17
884,Retha,Marseille 14,Retha@example.ru,57,143403.0,1968-08-06
885,Terrell,Burglesum,Terrell@example.ru,20,151707.0,2006-02-28
886,Stanford,Kaitong,Stanford@example.ru,52,179035.0,1974-01-22
887,Marcelino,Gadhada,Marcelino@example.com,31,,1995-01-05
888,Emma,Grangwav,Emma@example.ru,77,158266.0,1948-07-23
889,Georgia,Palencia,Georgia@example.com,50,220110.0,1976-01-03
890,Meghan,Ṟuwandiz,Meghan@example.ru,31,144227.0,1995-03-12
891,Tamika,,Tamika@example.com,84,249491.0,1941-09-29
892,Cordell,Cachoeiras de Macacu,Cordell@example.com,41,179163.0,1984-11-19
893,Doris,Puerto Cortez,Doris@example.ru,29,225500.0,1996-08-08
894,Jeannetta,Shangyu,Jeannetta@example.ru,33,49959.0,1992-05-24
895,Brittney,Jingzhou,Brittney@example.ru,,172023.0,1987-09-08
896,Shelia,Yateley,Shelia@example.com,63,104832.0,1962-11-08
897,Amie,Wenxian Chengguanzhen,Amie@example.com,57,75833.0,1968-07-21
898,Son,Santiago de Compostela,Son@example.ru,39,191010.0,1987-04-19
899,Felisa,Picassent,Felisa@example.com,47,63677.0,1978-08-17
900,Garnett,Badūria,Garnett@example.ru,47,223928.0,1978-10-28
901,Alisa,Drogheda,Alisa@example.ru,46,87910.0,1980-03-09
902,Angelo,Hofgeismar,Angelo@example.ru,19,126416.0,2006-07-17
903,Leroy,Bhawāni Mandi,Leroy@example.ru,69,121374.0,
904,Jennie,Malianzhuang,Jennie@example.ru,59,64216.0,1966-07-24
905,Allie,Lichtenberg,Allie@example.com,70,84439.0,1956-04-03
906,,Marseille 12,Antonio@example.com,25,42065.0,2000-10-19
907,Kenna,Sambhaji Nagar,Kenna@example.ru,67,138365.0,1959-01-22
908,Jeannine,Bijeljina,Jeannine@example.ru,20,69479.0,2006-01-29
909,Beatrice,Canning Vale,Beatrice@example.com,,186266.0,2006-03-30
910,Lona,Schwäbisch Gmünd,Lona@example.com,57,195311.0,1968-12-27
911,Asia,Tarragona,Asia@example.com,68,215787.0,1957-07-05
912,Meghan,Rosa Zarate,Meghan@example.com,27,98706.0,1998-09-15
913,Cierra,Illingen,Cierra@example.ru,60,132692.0,1965-08-07
914,Kitty,Sankt Leonhard,Kitty@example.com,59,143853.0,1966-10-03
915,Stacey,Madīnat Ḩamad,Stacey@example.com,81,183287.0,1945-06-03
916,Cesar,Parāsia,Cesar@example.com,46,247897.0,
917,Bryon,Hofgeismar,Bryon@example.ru,27,148793.0,1998-07-17
918,Corine,Reinbek,Corine@example.com,48,158771.0,1978-04-09
919,Harold,Veresegyház,Harold@example.ru,45,238049.0,1981-05-21
920,Randal,Jhālāwār,Randal@example.ru,46,,1980-02-28
921,Ramon,Guskhara,Ramon@example.ru,26,97500.0,1999-06-06
922,Santos,Islington,Santos@example.com,80,143327.0,1945-10-11
923,Jolie,Jiang’an,Jolie@example.com,76,45454.0,1950-03-05
924,Cornelius,Kumbhrāj,Cornelius@example.com,70,48463.0,1956-03-16
925,Julie,Luckeesarai,Julie@example.com,57,154435.0,1968-06-14
926,Cliff,Saint-Quentin-en-Yvelines,Cliff@example.ru,33,171505.0,1992-11-23
927,Vina,Guchang,Vina@example.com,65,239707.0,1961-02-01
928,Ron,Xiangzhou,Ron@example.ru,44,55215.0,1981-11-13
929,Lenora,Singkawang,Lenora@example.ru,45,148703.0,1980-08-07
930,Jo,,Jo@example.ru,31,150922.0,1994-12-13
931,Apolonia,Caroline Springs,Apolonia@example.ru,40,183100.0,1986-04-25
932,Joshua,Sint-Amandsberg,Joshua@example.com,39,58155.0,1986-06-07
933,Dan,San Benito Abad,Dan@example.ru,50,186204.0,1975-10-30
934,Adam,Kobuleti,Adam@example.ru,58,130047.0,1967-07-13
935,Renaldo,Navegantes,Renaldo@example.ru,60,64739.0,1966-03-29
936,Trinh,Eschborn,Trinh@example.com,20,225708.0,2005-12-04
937,Maritza,,Maritza@example.ru,81,191497.0,1945-04-07
938,Allison,Wenquan,Allison@example.ru,61,167998.0,1964-08-14
939,Jeff,Mahbūbnagar,Jeff@example.com,78,80790.0,1948-05-24
940,Randy,Kandukūr,Randy@example.ru,30,68792.0,1996-04-09
941,,,Nathaniel@example.com,58,144221.0,1968-04-11
942,Erinn,Morayfield,Erinn@example.ru,73,135567.0,1953-03-09
943,,Driyorejo,Tonja@example.ru,43,162958.0,1983-02-27
944,Merle,Machilīpatnam,Merle@example.ru,57,67205.0,1968-12-25
945,Laurence,Carcarañá,Laurence@example.ru,29,239683.0,1996-10-18
946,Brady,Viadana,Brady@example.com,43,79582.0,1982-07-07
947,Evan,Sheoganj,Evan@example.com,45,65095.0,1980-05-30
948,Simon,Tuantian,Simon@example.ru,28,237363.0,1997-12-30
949,Garry,Jaynagar Majilpur,Garry@example.ru,68,147861.0,1957-06-29
950,Barton,Zhoubai,Barton@example.com,70,209814.0,1956-04-17
951,Doreen,Chīpurupalle,Doreen@example.com,84,237266.0,1941-07-14
952,Tera,Troisdorf,Tera@example.com,48,145793.0,1977-09-04
953,Gino,Uttamapālaiyam,Gino@example.ru,79,51181.0,1946-11-05
954,Marlin,Jiangbei,Marlin@example.com,45,137072.0,1980-08-20
955,Tiffany,Al Ḩāmūl,Tiffany@example.ru,40,245136.0,1985-11-29
956,Monika,,Monika@example.com,51,167463.0,1974-07-24
957,Amanda,,Amanda@example.com,81,30938.0,1945-05-30
958,Branden,Pīrgaaj,Branden@example.com,72,103992.0,1953-10-25
959,Barrett,Shibīn al Kawm,Barrett@example.ru,,236540.0,1960-04-17
960,Chung,Hillcrest Village,Chung@example.com,25,197022.0,2000-07-29
961,Brenda,Madīnat Sittah Uktūbar,Brenda@example.com,48,161061.0,1978-01-21
962,Olympia,Changling,Olympia@example.ru,28,165044.0,1997-09-21
963,Faith,Mampong,Faith@example.com,59,100174.0,1966-07-18
964,Reed,Mazār-e Sharīf,,19,,2006-09-06
965,Jo,Bārdoli,Jo@example.ru,66,105281.0,1959-12-12
966,Marietta,Sanchuan,Marietta@example.com,82,53811.0,1943-09-06
967,Teena,Bargarh,Teena@example.ru,60,238890.0,1966-01-19
968,Antonio,Bishopstoke,Antonio@example.com,76,193477.0,1949-09-05
969,Eduardo,Montreux,Eduardo@example.ru,41,150046.0,1985-04-20
970,Thelma,Narbonne,Thelma@example.ru,83,144741.0,1943-05-08
971,Krissy,,Krissy@example.ru,69,134829.0,1957-01-21
972,Jerrica,Lyon 02,Jerrica@example.ru,36,38091.0,1990-03-22
973,Odell,Pingtan,Odell@example.com,43,236435.0,1983-04-04
974,Diane,A Estrada,Diane@example.ru,28,231657.0,1997-12-06
975,Roman,Pontarlier,Roman@example.ru,59,138787.0,1966-06-15
976,Fran,Coimbatore,Fran@example.ru,35,51464.0,1990-05-31
977,Rene,Kayanza,Rene@example.com,31,162963.0,1995-01-28
978,Mildred,Sirumugai,Mildred@example.com,55,138369.0,1971-04-24
979,Chantelle,Esztergom,Chantelle@example.ru,71,137801.0,1954-11-03
980,Joleen,Klingenstein,Joleen@example.com,58,115819.0,1967-11-09
981,Cathleen,Dharmanagar,Cathleen@example.com,75,55336.0,1950-06-19
982,Byron,Cherrybrook,Byron@example.com,75,125255.0,1950-07-10
983,Wendi,Camaquã,Wendi@example.com,22,182887.0,2004-01-16
984,Latisha,Cheadle Hulme,Latisha@example.ru,36,113722.0,1990-04-01
985,Craig,Benešov,Craig@example.ru,71,121105.0,1955-02-26
986,Cathy,Kuoshi'airike,Cathy@example.com,64,93945.0,1961-10-16
987,Shane,Udumalaippettai,Shane@example.com,44,203044.0,1981-10-25
988,Tabitha,North Lakes,Tabitha@example.ru,84,132147.0,1942-03-05
989,Glenna,Tervuren,Glenna@example.ru,21,235676.0,2005-02-27
990,Tyra,Mangshi,Tyra@example.ru,31,171575.0,1994-09-26
991,Kristin,Foumban,Kristin@example.com,32,137568.0,1994-05-14
992,Carolyn,Gaborone,Carolyn@example.com,21,245490.0,2005-02-08
993,Saundra,São Sebastião do Passé,Saundra@example.ru,24,145182.0,2002-03-02
994,Jeanne,Le Plessis-Trévise,Jeanne@example.com,48,,1978-04-11
995,Cherie,,Cherie@example.com,43,185717.0,1982-11-05
996,Wilford,San Isidro,Wilford@example.ru,66,149665.0,1959-07-14
997,America,Yuen Long Kau Hui,America@example.com,21,138848.0,2005-03-13
998,James,Aïn Defla,James@example.com,28,173227.0,1997-09-16
999,Laverne,Brisbane,Laverne@example.com,55,65690.0,1970-09-07
1000,Gina,Palmar de Varela,Gina@example.com,46,116288.0,1979-12-02
